Ben,2020-11-27 03:30:00,to clean my room
Ben A,2020-11-27 15:30:00,to wake up
Ben A,2020-11-27 14:30:00,to eat
Ben A,2020-11-27 14:30:00,to eat
David,2020-11-27 14:30:00,to eat
,2020-11-27 20:56:00,to sleep tommorow
,2020-11-27 20:58:00,to sleep
,2020-11-27 20:59:00,to sleep tomorrow
Ben,2020-11-28 12:03:00,to go to sleep
Ben,2020-11-28 00:03:00,to go to sleep
Ben,2020-11-28 00:03:00,to go to sleep
Ben,2020-11-28 00:03:00,to go to sleep
Ben,2020-11-28 23:03:00,to go to sleep
Ben,2020-11-28 00:03:00,to go to sleep
Ben,2020-11-28 12:00:00,to get up
Ben,2020-11-28 00:22:00,to get up
